Description	p.adjust	Count	log_padj	mean_log2FC	n_up	n_down	gene_list	fc_list
Glycerolipid metabolism	0.013288205964854544	2	1.8765336490164326	-1.8963261602158932	0	2		
Glycerophospholipid metabolism	0.016733096183220345	2	1.7764236925775485	-1.8963261602158932	0	2		
Folate transport and metabolism	0.05996934541655341	1	1.2220706915912736	-2.609052164515837	0	1		
Protein export	0.05996934541655341	1	1.2220706915912736	-1.277227542528698	0	1		
RNA polymerase	0.05996934541655341	1	1.2220706915912736	-1.4148745219687002	0	1		
One carbon pool by folate	0.061254523632988826	1	1.2128618332279002	-2.609052164515837	0	1		
Cytosolic DNA-sensing pathway	0.08361628898762796	1	1.0777091109778918	-1.4148745219687002	0	1		
