ID	Description	p.adjust	Count	geneID	log_padj
dre04622	RIG-I-like receptor signaling pathway	0.0031105253769549354	3	100148871/405785/564854	2.507166251152516
dre04621	NOD-like receptor signaling pathway	0.023054336566994283	3	405785/564854/641582	1.6372473709262103
dre05132	Salmonella infection	0.07929987406423528	3	100006857/405785/448942	1.1007275023829148
dre04620	Toll-like receptor signaling pathway	0.07929987406423528	2	405785/564854	1.1007275023829148
